Kidera_Factor,Kidera_Factor_Description,A,C,D,E,F,G,H,I,K,L,M,N,P,Q,R,S,T,V,W,Y
KF1,Helix/bend preference,-1.56,0.12,0.58,-1.45,-0.21,1.46,-0.41,-0.73,-0.34,-1.04,-1.4,1.14,2.06,-0.47,0.22,0.81,0.26,-0.74,0.3,1.38
KF2,Side-chain size,-1.67,-0.89,-0.22,0.19,0.98,-1.96,0.52,-0.16,0.82,0,0.18,-0.07,-0.33,0.24,1.27,-1.08,-0.7,-0.71,2.1,1.48
KF3,Extended structure preference,-0.97,0.45,-1.58,-1.61,-0.36,-0.23,-0.28,1.79,-0.23,-0.24,-0.42,-0.12,-1.15,0.07,1.37,0.16,1.21,2.04,-0.72,0.8
KF4,Hydrophobicity,-0.27,-1.05,0.81,1.17,-1.43,-0.16,0.28,-0.77,1.7,-1.1,-0.73,0.81,-0.75,1.1,1.87,0.42,0.63,-0.4,-1.57,-0.56
KF5,Double-bend preference,-0.93,-0.71,-0.92,-1.31,0.22,0.1,1.61,-0.54,1.54,-0.55,2,0.18,0.88,1.1,-1.7,-0.21,-0.1,0.5,-1.16,0
KF6,Partial specific volume,-0.78,2.41,0.15,0.4,-0.81,-0.11,1.01,0.03,-1.62,-2.05,1.52,0.37,-0.45,0.59,0.46,-0.43,0.21,-0.81,0.57,-0.68
KF7,Flat extended preference,-0.2,1.52,-1.52,0.04,0.67,1.32,-1.85,-0.83,1.15,0.96,0.26,-0.09,0.3,0.84,0.92,-1.89,0.24,-1.07,-0.48,-0.31
KF8,Occurrence in alpha region,-0.08,-0.69,0.47,0.38,1.1,2.36,0.47,0.51,-0.08,-0.76,0.11,1.23,-2.3,-0.71,-0.39,-1.15,-1.15,0.06,-0.4,1.03
KF9,pK-C,0.21,1.13,0.76,-0.35,1.71,-1.66,1.13,0.66,-0.48,0.45,-1.27,1.1,0.74,-0.03,0.23,-0.97,-0.56,-0.46,-2.3,-0.05
KF10,Surrounding hydrophobicity,-0.48,1.1,0.7,-0.12,-0.44,0.46,1.63,-1.78,0.6,0.93,0.27,-1.73,-0.28,-2.33,0.93,-0.23,0.19,0.65,-0.6,0.53
